Customer_ID,Customer_Name,Age,Sales,Order_Date,Region,Rating
CUST1000,Amit,25.0,574.51,2025-08-02,East,2.0
CUST1001,Amit,65.0,479.26,2022-10-13,North,3.4
CUST1002,Amit,,597.15,2022-03-07,South,1.9
CUST1003,Vikram,19.0,728.45,2025-05-17,South,3.9
CUST1004,Priya,44.0,464.88,2025-01-21,West,3.4
CUST1005,Neha,28.0,464.88,2022-01-14,West,2.4
CUST1006,Rahul,unknown,736.88,2022-11-15,North,1.4
CUST1007,Rahul,40.0,615.12,2022-07-18,East,4.2
CUST1008,Amit,52.0,429.58,2024-07-29,West,1.3
CUST1009,Vikram,58.0,,2023-08-24,East,3.3
CUST1010,Neha,20.0,430.49,2022-05-23,South,4.1
CUST1011,Amit,32.0,430.14,2022-06-13,West,2.1
CUST1012,Priya,41.0,536.29,2025-07-25,East,2.4
CUST1013,Neha,35.0,213.01,2025-10-04,North,3.4
CUST1014,Neha,52.0,241.26,2022-12-17,South,1.7
CUST1015,Neha,,415.66,2024-02-17,South,3.7
CUST1016,Amit,32.0,348.08,2022-04-25,East,2.6
CUST1017,Vikram,31.0,547.14,2022-05-16,East,1.9
CUST1018,Neha,43.0,363.8,2024-10-19,West,1.6
CUST1019,Neha,33.0,288.15,2022-10-13,East,4.0
CUST1020,Sneha,55.0,719.85,2024-05-27,East,1.9
CUST1021,Sneha,50.0,466.13,2022-10-11,North,4.0
CUST1022,Neha,27.0,510.13,2022-08-13,South,4.2
CUST1023,Amit,56.0,286.29,2024-05-14,West,2.5
CUST1024,Rahul,51.0,418.34,2024-08-16,North,3.7
CUST1025,Vikram,61.0,516.64,2022-08-23,East,4.1
CUST1026,Rahul,25.0,327.35,2023-11-28,West,1.6
CUST1027,Neha,64.0,556.35,2022-01-07,East,4.9
CUST1028,Amit,50.0,409.9,2023-01-01,,4.4
CUST1029,Priya,56.0,456.25,2024-11-05,South,2.5
CUST1030,Vikram,52.0,409.74,2022-11-27,North,3.4
CUST1031,Amit,19.0,777.84,2024-09-27,East,4.5
CUST1032,Amit,33.0,497.98,2023-09-22,South,4.5
CUST1033,Neha,23.0,341.34,2022-06-11,West,4.3
CUST1034,Priya,26.0,,2024-12-26,West,4.8
CUST1035,Vikram,34.0,316.87,2022-12-05,West,4.9
CUST1036,Neha,64.0,531.33,2025-01-09,South,3.9
CUST1037,Neha,60.0,206.05,2024-03-28,East,2.8
CUST1038,Amit,46.0,300.77,2024-11-25,South,1.9
CUST1039,Vikram,19.0,529.53,2023-11-24,South,3.4
CUST1040,Neha,22.0,610.77,2022-01-15,North,1.9
CUST1041,Amit,39.0,,2022-03-06,South,2.1
CUST1042,Vikram,31.0,error,2024-09-21,South,3.9
CUST1043,Sneha,54.0,454.83,2025-03-15,South,4.1
CUST1044,Amit,30.0,278.22,2024-04-13,North,3.6
CUST1045,Sneha,45.0,392.02,2023-12-27,West,4.5
CUST1046,Neha,61.0,430.9,2022-04-21,North,1.2
CUST1047,Priya,24.0,,2023-11-26,South,1.8
CUST1048,Sneha,26.0,551.54,2024-07-07,South,2.1
CUST1049,Sneha,22.0,235.54,2023-05-27,North,1.2
CUST1050,Amit,18.0,548.61,2025-01-12,South,1.7
CUST1051,Priya,48.0,442.24,2024-09-21,West,4.6
CUST1052,Amit,42.0,398.46,2022-12-04,West,2.1
CUST1053,Sneha,36.0,591.75,2024-07-20,West,1.6
CUST1054,Amit,31.0,654.65,2023-08-31,North,4.0
CUST1055,Vikram,21.0,639.69,2022-04-28,West,3.0
CUST1056,Amit,28.0,374.12,2024-12-23,,4.4
CUST1057,Amit,56.0,453.62,2022-05-21,South,2.6
CUST1058,Vikram,33.0,549.69,2025-03-12,North,3.5
CUST1059,Vikram,60.0,646.33,2024-05-08,East,4.7
CUST1060,Neha,60.0,428.12,2023-02-23,,2.0
CUST1061,Neha,26.0,472.15,2024-03-21,East,2.8
CUST1062,Sneha,18.0,334.05,2022-05-29,North,1.3
CUST1063,Rahul,,320.57,2023-03-13,South,4.7
CUST1064,Rahul,33.0,621.88,2022-05-21,East,1.6
CUST1065,Rahul,63.0,703.44,2025-01-17,North,3.7
CUST1066,Neha,37.0,489.2,2025-02-09,North,4.8
CUST1067,Amit,,650.53,2022-10-03,North,4.0
CUST1068,Rahul,35.0,554.25,2022-11-15,South,3.9
CUST1069,Neha,61.0,403.23,2023-02-21,East,3.0
CUST1070,Amit,21.0,,2023-05-30,West,4.3
CUST1071,Rahul,18.0,730.71,2022-04-01,South,3.5
CUST1072,Neha,28.0,494.63,2023-06-21,West,3.2
CUST1073,Amit,53.0,734.7,2024-05-25,North,1.3
CUST1074,Amit,52.0,107.04,2022-11-02,East,3.3
CUST1075,Priya,45.0,623.29,2022-10-31,North,2.2
CUST1076,Priya,,36990,2022-03-23,South,3.7
CUST1077,Sneha,53.0,,2023-12-26,South,4.7
CUST1078,Priya,,513.76,2023-04-30,,1.1
CUST1079,Neha,44.0,error,2023-11-12,South,2.1
CUST1080,Amit,42.0,467.05,2022-08-10,West,1.9
CUST1081,Rahul,40.0,553.57,2024-07-31,South,1.9
CUST1082,Sneha,30.0,721.68,2025-09-13,East,2.1
CUST1083,Rahul,35.0,422.26,2022-05-23,West,3.7
CUST1084,Amit,39.0,378.73,2025-01-03,North,4.5
CUST1085,Vikram,29.0,424.74,2023-06-19,East,1.2
CUST1086,Rahul,45.0,637.31,2025-05-06,East,2.7
CUST1087,Sneha,25.0,549.31,2024-11-13,South,2.0
CUST1088,Vikram,18.0,420.54,2024-06-12,South,2.5
CUST1089,Rahul,60.0,576.99,2022-05-24,East,3.7
CUST1090,Rahul,64.0,,2022-09-13,East,3.7
CUST1091,Neha,43.0,645.3,2023-10-31,East,3.2
CUST1092,Neha,44.0,394.69,2023-01-28,West,3.7
CUST1093,Vikram,57.0,450.85,2022-12-23,East,2.6
CUST1094,Rahul,37.0,441.18,2022-01-01,South,2.7
CUST1095,Neha,56.0,280.47,2025-04-02,East,2.9
CUST1096,Priya,61.0,544.42,2024-06-24,West,4.2
CUST1097,Amit,60.0,539.16,2022-12-14,East,3.1
CUST1098,Rahul,57.0,500.77,2025-07-20,North,4.3
CUST1099,Rahul,61.0,464.81,2023-04-27,South,4.2
CUST1100,Amit,19.0,287.69,2022-10-29,South,4.9
CUST1101,Sneha,,436.9,2025-06-05,West,
CUST1102,Neha,30.0,448.59,2025-03-24,West,3.0
CUST1103,Neha,27.0,379.66,2023-05-15,North,4.6
CUST1104,Priya,45.0,475.81,2022-08-07,South,4.2
CUST1105,Amit,47.0,,2024-11-26,South,4.7
CUST1106,Priya,47.0,782.93,2022-09-06,West,3.7
CUST1107,Rahul,56.0,526.19,2025-02-18,West,3.5
CUST1108,Vikram,45.0,538.63,2024-10-30,West,4.6
CUST1109,Rahul,46.0,488.83,2024-08-30,South,4.4
CUST1110,Sneha,51.0,212.18,2023-07-22,South,2.1
CUST1111,Rahul,63.0,,2022-06-08,South,2.1
CUST1112,Amit,52.0,509.03,2023-10-17,South,1.6
CUST1113,Priya,62.0,869.49,2024-02-24,South,1.3
CUST1114,Vikram,39.0,40109,2024-04-14,West,2.7
CUST1115,Sneha,44.0,545.23,2023-02-28,North,4.4
CUST1116,Sneha,42.0,494.79,2025-03-25,North,4.8
CUST1117,Sneha,42.0,324.7,2023-09-04,South,3.0
CUST1118,Sneha,45.0,671.42,2023-07-13,North,2.6
CUST1119,Sneha,61.0,612.79,2025-10-01,South,4.4
CUST1120,Vikram,57.0,618.65,2022-09-19,North,4.6
CUST1121,Neha,54.0,363.59,2025-04-27,North,1.3
CUST1122,Sneha,26.0,710.42,2024-05-27,South,1.2
CUST1123,Priya,38.0,289.72,2024-02-16,West,2.3
CUST1124,Sneha,35.0,588.03,2024-02-16,East,4.3
CUST1125,Neha,19.0,828.57,2024-08-21,North,5.0
CUST1126,Neha,32.0,351.42,2023-12-18,North,4.1
CUST1127,Amit,20.0,415.06,2025-08-27,South,1.8
CUST1128,Priya,57.0,,2022-02-11,South,1.5
CUST1129,Vikram,25.0,424.48,2025-10-03,South,2.9
CUST1130,Priya,41.0,267.4,2023-06-09,North,
CUST1131,Amit,37.0,510.28,2022-12-02,North,4.7
CUST1132,Sneha,61.0,340.65,2025-03-25,West,4.8
CUST1133,Vikram,22.0,571.04,2023-02-11,South,1.4
CUST1134,Vikram,61.0,362.09,2023-09-10,North,4.2
CUST1135,Rahul,20.0,44510,2025-03-05,West,3.6
CUST1136,Neha,50.0,382.51,2022-05-22,East,1.1
CUST1137,Amit,49.0,451.69,2024-05-10,West,4.8
CUST1138,Neha,47.0,622.03,2025-07-25,,2.7
CUST1139,Rahul,59.0,315.37,2024-12-04,,2.9
CUST1140,Rahul,35.0,534.12,2025-04-28,South,4.3
CUST1141,Sneha,35.0,696.07,2022-06-27,South,4.0
CUST1142,Neha,57.0,258.88,2025-03-13,West,2.3
CUST1143,Priya,38.0,527.7,2024-10-09,West,1.8
CUST1144,Rahul,39.0,538.98,2023-06-14,East,3.2
CUST1145,Amit,30.0,617.27,2024-11-24,South,3.9
CUST1146,Priya,53.0,314.46,2024-09-27,West,3.6
CUST1147,Amit,46.0,39267,2024-10-02,North,2.2
CUST1148,Priya,62.0,578.29,2024-04-08,East,3.7
CUST1149,Vikram,48.0,544.55,2024-01-26,East,2.7
CUST1150,Rahul,39.0,537.57,2025-02-01,West,2.1
CUST1151,Amit,32.0,551.97,2023-05-30,South,2.3
CUST1152,Priya,62.0,398.0,2025-01-02,South,1.9
CUST1153,Neha,35.0,534.84,2024-09-18,East,4.9
CUST1154,Priya,,543.96,2023-02-02,East,1.7
CUST1155,Vikram,63.0,392.85,2022-01-29,South,2.1
CUST1156,Rahul,53.0,779.87,2022-04-22,South,3.6
CUST1157,Amit,24.0,571.07,2024-10-02,East,2.9
CUST1158,Priya,39.0,321.3,2024-06-21,North,2.0
CUST1159,Amit,25.0,598.48,2024-09-05,West,3.0
CUST1160,Neha,58.0,353.8,2025-03-27,North,
CUST1161,Amit,37.0,618.06,2025-02-26,South,1.5
CUST1162,Vikram,56.0,673.79,2024-05-02,South,4.1
CUST1163,Sneha,46.0,376.9,2024-02-19,East,4.4
CUST1164,Vikram,37.0,644.51,2024-05-28,North,3.4
CUST1165,Neha,31.0,561.92,2022-07-23,South,2.1
CUST1166,Priya,28.0,623.31,2022-06-16,South,3.2
CUST1167,Sneha,18.0,784.52,2022-11-17,West,3.8
CUST1168,Amit,36.0,463.19,2024-08-20,South,2.2
CUST1169,Sneha,,386.94,2023-08-03,North,3.7
CUST1170,Vikram,58.0,366.57,2023-06-26,South,2.7
CUST1171,Neha,32.0,377.63,2025-01-20,South,4.6
CUST1172,Amit,22.0,488.43,2022-10-19,South,4.2
CUST1173,Vikram,65.0,551.17,2025-05-03,East,2.8
CUST1174,Rahul,62.0,541.5,2024-08-17,West,
CUST1175,Sneha,52.0,624.08,2024-10-21,West,1.3
CUST1176,Neha,45.0,501.95,2022-03-23,East,3.4
CUST1177,Priya,23.0,718.03,2022-02-22,North,5.0
CUST1178,Vikram,35.0,460.3,2025-10-08,North,4.1
CUST1179,Vikram,48.0,908.03,2022-12-25,West,4.7
CUST1180,Sneha,55.0,593.85,2023-01-07,West,4.9
CUST1181,Sneha,40.0,371.43,2024-08-20,,2.3
CUST1182,Rahul,,339.37,2022-08-03,West,3.8
CUST1183,Sneha,60.0,572.37,2023-08-14,North,2.8
CUST1184,Rahul,34.0,466.48,2023-10-07,North,4.9
CUST1185,Amit,50.0,607.1,2024-04-07,West,2.7
CUST1186,Rahul,51.0,570.99,2023-01-20,West,3.5
CUST1187,Rahul,31.0,489.08,2022-04-16,South,4.7
CUST1188,Sneha,62.0,372.98,2024-06-16,North,1.1
CUST1189,Priya,56.0,272.77,2025-07-14,South,2.2
CUST1190,Sneha,53.0,433.02,2022-01-29,North,1.9
CUST1191,Amit,47.0,628.46,2022-08-21,South,3.0
CUST1192,Neha,50.0,532.11,2023-08-21,East,2.7
CUST1193,Priya,48.0,313.14,2024-09-15,West,3.2
CUST1194,Vikram,,525.98,2024-02-25,South,4.5
CUST1195,Rahul,44.0,557.8,2023-07-20,East,4.3
CUST1196,Rahul,64.0,,2023-08-03,West,4.5
CUST1197,Sneha,52.0,523.06,2024-07-03,East,2.3
CUST1198,Sneha,42.0,508.73,2025-01-17,East,4.5
CUST1199,Sneha,54.0,328.55,2023-05-05,,4.4
CUST1200,Rahul,20.0,26193,2024-04-21,West,3.8
CUST1201,Neha,42.0,584.12,2024-02-20,South,3.0
CUST1202,Vikram,26.0,662.46,2022-03-17,East,4.5
CUST1203,Vikram,24.0,658.07,2024-06-20,West,1.1
CUST1204,Neha,unknown,293.35,2022-10-23,South,1.3
CUST1205,Vikram,39.0,359.33,2023-06-27,West,3.6
CUST1206,Vikram,61.0,577.26,2023-11-04,West,4.8
CUST1207,Sneha,63.0,577.07,2025-07-07,North,3.5
CUST1208,Neha,,577.26,2023-04-26,East,5.0
CUST1209,Amit,45.0,1077.91,2022-07-05,,2.8
CUST1210,Amit,19.0,585.63,2023-09-06,East,4.2
CUST1211,Rahul,40.0,670.33,2023-08-24,,1.6
CUST1212,Vikram,44.0,643.1,2024-12-23,South,1.7
CUST1213,Sneha,57.0,597.71,2022-06-11,South,3.0
CUST1214,Priya,27.0,452.71,2025-04-09,West,3.6
CUST1215,Neha,34.0,613.85,2024-07-30,North,4.6
CUST1216,Neha,36.0,384.08,2024-08-10,South,1.3
CUST1217,Rahul,55.0,464.48,2023-12-09,West,3.8
CUST1218,Priya,37.0,427.2,2024-07-24,West,4.4
CUST1219,Sneha,33.0,512.28,2022-08-07,East,3.3
CUST1220,Neha,19.0,847.2,2023-08-28,West,2.1
CUST1221,Neha,61.0,219.91,2025-03-05,North,4.6
CUST1222,Priya,36.0,602.94,2024-10-14,East,1.9
CUST1223,Rahul,57.0,258.09,2023-01-25,South,3.5
CUST1224,Amit,59.0,429.21,2025-07-09,East,4.2
CUST1225,Rahul,55.0,663.34,2022-03-10,South,1.4
CUST1226,Neha,38.0,509.64,2023-08-28,West,1.7
CUST1227,Rahul,52.0,338.34,2022-09-28,East,4.3
CUST1228,Rahul,48.0,392.7,2023-06-11,East,4.2
CUST1229,Priya,22.0,601.94,2024-08-17,South,4.4
CUST1230,Vikram,43.0,390.45,2025-10-13,East,1.4
CUST1231,Rahul,18.0,532.47,2024-03-19,North,2.8
CUST1232,Neha,65.0,506.84,2025-10-09,,3.3
CUST1233,Amit,41.0,402.26,2025-07-31,South,2.9
CUST1234,Rahul,53.0,821.59,2025-06-22,South,3.6
CUST1235,Neha,47.0,595.09,2025-07-25,East,3.6
CUST1236,Amit,26.0,196.23,2022-08-27,North,
CUST1237,Amit,25.0,527.97,2024-10-05,South,4.5
CUST1238,Sneha,42.0,400.73,2022-10-05,East,3.7
CUST1239,Vikram,44.0,627.87,2025-01-11,South,4.5
CUST1240,Sneha,24.0,381.12,2025-09-03,West,4.8
CUST1241,Neha,20.0,,2023-07-27,East,1.9
CUST1242,Rahul,33.0,575.75,2024-06-29,North,4.9
CUST1243,Neha,52.0,629.86,2024-01-23,East,1.2
CUST1244,Amit,30.0,319.96,2023-07-20,West,
CUST1245,Neha,59.0,449.82,2023-03-11,North,1.2
CUST1246,Priya,33.0,428.76,2023-11-15,South,1.3
CUST1247,Vikram,31.0,402.0,2025-02-09,South,4.3
CUST1248,Priya,39.0,764.82,2023-04-23,North,2.1
CUST1249,Vikram,,560.75,2022-10-24,East,
CUST1250,Amit,60.0,310.87,2022-08-14,South,1.1
CUST1251,Rahul,55.0,,2023-05-03,,1.7
CUST1252,Neha,26.0,818.32,2022-04-18,West,3.1
CUST1253,Sneha,48.0,654.87,2022-05-11,East,3.1
CUST1254,Vikram,46.0,272.09,2022-08-12,,4.8
CUST1255,Neha,64.0,427.36,2022-03-30,East,2.8
CUST1256,Sneha,21.0,690.04,2022-03-05,West,2.7
CUST1257,Neha,49.0,393.85,2022-08-10,West,1.3
CUST1258,Vikram,38.0,566.57,2022-06-15,South,1.3
CUST1259,Neha,57.0,616.2,2023-07-18,East,2.5
CUST1260,Rahul,51.0,360.96,2025-05-08,West,3.0
CUST1261,Neha,24.0,491.07,2024-05-31,North,4.4
CUST1262,Neha,53.0,13.81,2025-08-26,South,2.7
CUST1263,Rahul,44.0,346.34,2023-04-13,West,2.6
CUST1264,Sneha,38.0,462.11,2022-07-14,East,3.7
CUST1265,Neha,27.0,312.83,2024-02-06,West,1.3
CUST1266,Sneha,23.0,744.86,2022-06-24,North,4.0
CUST1267,Vikram,26.0,285.48,2024-02-03,North,3.3
CUST1268,Rahul,53.0,error,2025-02-24,North,2.6
CUST1269,Neha,45.0,46322,2025-09-24,North,4.9
CUST1270,Rahul,37.0,716.19,2025-05-14,North,3.3
CUST1271,Neha,27.0,284.62,2023-03-12,West,
CUST1272,Vikram,40.0,674.47,2022-08-10,East,1.5
CUST1273,Priya,54.0,501.53,2023-07-25,West,4.4
CUST1274,Neha,57.0,352.77,2025-06-27,North,
CUST1275,Rahul,62.0,569.32,2025-09-09,North,1.7
CUST1276,Rahul,39.0,529.86,2023-09-25,North,1.7
CUST1277,Neha,54.0,409.97,2022-10-21,,1.3
CUST1278,Amit,19.0,510.47,2025-07-20,South,2.5
CUST1279,Priya,39.0,442.2,2024-07-18,East,2.2
CUST1280,Vikram,54.0,517.03,2023-10-27,North,4.5
CUST1281,Vikram,28.0,599.32,2022-11-15,North,3.7
CUST1282,Neha,46.0,737.9,2023-07-12,West,2.9
CUST1283,Rahul,44.0,314.33,2024-06-24,South,4.0
CUST1284,Sneha,40.0,819.96,2022-08-22,North,2.1
CUST1285,Sneha,55.0,207.19,2025-10-21,East,1.2
CUST1286,Amit,56.0,477.23,2024-03-20,North,1.8
CUST1287,Rahul,26.0,error,2023-03-09,East,2.3
CUST1288,Neha,49.0,542.15,2022-01-16,West,1.7
CUST1289,Neha,52.0,406.6,2024-02-18,South,3.0
CUST1290,Amit,40.0,468.78,2025-09-30,West,4.4
CUST1291,Amit,45.0,426.05,2022-03-28,West,4.7
CUST1292,Sneha,54.0,411.6,2023-10-04,West,3.8
CUST1293,Amit,36.0,627.44,2024-05-05,West,1.1
CUST1294,Vikram,28.0,553.55,2023-10-28,West,4.3
CUST1295,Sneha,23.0,396.06,2024-01-12,North,2.0
CUST1296,Vikram,43.0,634.94,2025-04-21,North,2.6
CUST1297,Rahul,65.0,546.09,2023-09-28,South,2.3
CUST1298,Vikram,22.0,621.93,2022-12-11,North,
CUST1299,Rahul,40.0,594.44,2023-02-02,South,1.9
CUST1300,Priya,34.0,375.65,2022-10-27,South,3.4
CUST1301,Priya,22.0,415.97,2025-09-04,West,2.9
CUST1302,Sneha,55.0,612.09,2025-02-28,East,4.5
CUST1303,Priya,38.0,591.56,2025-07-08,West,1.3
CUST1304,Rahul,58.0,496.86,2024-06-24,East,
CUST1305,Amit,50.0,517.6,2023-12-22,East,2.8
CUST1306,Rahul,21.0,691.65,2022-03-19,East,1.3
CUST1307,Vikram,57.0,411.26,2022-07-04,West,2.9
CUST1308,Amit,65.0,582.06,2025-02-09,West,4.6
CUST1309,Priya,59.0,469.67,2025-03-16,East,3.4
CUST1310,Amit,27.0,467.35,2024-10-23,West,1.4
CUST1311,Amit,63.0,error,2023-12-05,South,1.2
CUST1312,Vikram,46.0,623.81,2024-06-15,South,2.5
CUST1313,Sneha,42.0,622.03,2023-08-03,East,3.7
CUST1314,Neha,58.0,695.82,2022-04-18,East,1.3
CUST1315,Neha,53.0,503.15,2022-07-13,West,2.1
CUST1316,Priya,56.0,602.29,2025-09-06,East,1.3
CUST1317,Rahul,27.0,453.46,2025-09-21,East,4.9
CUST1318,Priya,43.0,548.62,2025-09-18,North,
CUST1319,Rahul,59.0,480.48,2024-02-11,South,3.7
CUST1320,Neha,23.0,514.55,2024-12-14,West,3.0
CUST1321,Rahul,41.0,589.27,2022-02-07,South,4.8
CUST1322,Priya,49.0,377.27,2023-12-01,South,5.0
CUST1323,Rahul,22.0,813.86,2022-11-14,North,3.0
CUST1324,Vikram,65.0,,2025-01-10,North,3.6
CUST1325,Vikram,unknown,317.87,2025-06-19,West,1.6
CUST1326,Vikram,62.0,673.72,2023-01-06,South,3.9
CUST1327,Rahul,unknown,618.75,2022-03-31,South,4.9
CUST1328,Neha,36.0,593.62,2025-06-04,West,1.9
CUST1329,Sneha,37.0,594.25,2023-05-05,South,2.5
CUST1330,Sneha,46.0,498.16,2025-03-14,East,4.1
CUST1331,Sneha,51.0,365.41,2024-10-26,South,4.3
CUST1332,Rahul,26.0,511.37,2025-05-23,North,3.6
CUST1333,Amit,53.0,12600,2024-01-31,North,2.1
CUST1334,Sneha,35.0,error,2022-11-25,South,4.3
CUST1335,Sneha,32.0,477.94,2022-07-07,East,4.7
CUST1336,Sneha,21.0,,2024-04-29,East,1.9
CUST1337,Priya,41.0,451.79,2022-06-17,North,2.3
CUST1338,Neha,63.0,561.94,2022-07-22,East,4.2
CUST1339,Rahul,,415.44,2022-10-09,West,3.8
CUST1340,Sneha,63.0,376.67,2022-10-12,West,3.5
CUST1341,Rahul,19.0,,2022-06-12,South,4.3
CUST1342,Vikram,64.0,536.74,2025-01-28,West,1.4
CUST1343,Rahul,33.0,423.96,2023-08-14,North,1.2
CUST1344,Vikram,58.0,429.34,2024-05-09,West,1.3
CUST1345,Vikram,56.0,534.81,2024-10-20,North,3.5
CUST1346,Neha,33.0,282.79,2025-03-23,South,2.2
CUST1347,Rahul,57.0,288.88,2022-01-04,South,3.3
CUST1348,Neha,60.0,392.23,2023-01-19,North,3.1
CUST1349,Vikram,22.0,467.98,2024-01-09,North,2.6
CUST1350,Neha,20.0,546.64,2024-08-20,West,
CUST1351,Amit,65.0,721.3,2023-06-04,East,4.2
CUST1352,Neha,33.0,628.65,2023-12-08,North,4.1
CUST1353,Amit,26.0,476.01,2023-11-12,East,3.2
CUST1354,Neha,29.0,497.15,2025-08-09,West,4.9
CUST1355,Priya,58.0,349.62,2024-09-07,South,1.3
CUST1356,Rahul,20.0,497.22,2024-07-26,South,1.2
CUST1357,Rahul,20.0,456.7,2023-02-13,East,3.1
CUST1358,Rahul,48.0,548.41,2025-01-17,North,4.0
CUST1359,Rahul,36.0,375.92,2023-01-27,,4.5
CUST1360,Amit,unknown,577.9,2023-11-11,East,2.7
CUST1361,Sneha,65.0,729.91,2024-03-30,West,2.4
CUST1362,Neha,49.0,483.69,2023-01-18,West,2.5
CUST1363,Amit,35.0,560.26,2024-11-29,West,1.3
CUST1364,Vikram,29.0,603.52,2025-05-18,East,2.3
CUST1365,Neha,,439.82,2022-06-13,East,
CUST1366,Sneha,63.0,533.61,2025-05-19,South,3.8
CUST1367,Amit,46.0,501.89,2023-12-21,East,3.5
CUST1368,Neha,35.0,514.65,2024-06-09,North,1.3
CUST1369,Rahul,43.0,384.05,2025-07-29,South,4.8
CUST1370,Neha,56.0,503.68,2022-10-20,West,1.1
CUST1371,Neha,33.0,574.7,2022-05-18,East,2.4
CUST1372,Vikram,20.0,717.67,2025-03-07,South,3.7
CUST1373,Sneha,unknown,643.89,2024-01-30,North,3.3
CUST1374,Sneha,41.0,822.98,2024-12-20,East,3.6
CUST1375,Amit,25.0,384.9,2023-05-27,South,3.0
CUST1376,Amit,53.0,error,2024-03-03,East,4.1
CUST1377,Vikram,31.0,527.5,2024-07-02,East,3.8
CUST1378,Amit,30.0,828.47,2024-10-02,South,4.4
CUST1379,Neha,29.0,378.76,2024-07-14,West,5.0
CUST1380,Neha,38.0,374.04,2025-10-28,East,3.8
CUST1381,Rahul,unknown,410.09,2025-01-31,East,4.4
CUST1382,Rahul,29.0,181.42,2025-07-30,South,1.5
CUST1383,Priya,26.0,error,2023-02-16,West,1.1
CUST1384,Rahul,54.0,386.13,2025-02-08,West,4.2
CUST1385,Vikram,26.0,522.56,2025-02-03,North,1.3
CUST1386,Neha,63.0,551.26,2024-03-26,West,3.1
CUST1387,Amit,,,2024-04-18,South,4.9
CUST1388,Sneha,22.0,642.56,2025-08-08,West,3.7
CUST1389,Vikram,26.0,413.46,2023-12-07,South,4.1
CUST1390,Vikram,45.0,365.24,2022-09-22,North,4.3
CUST1391,Rahul,27.0,573.79,2024-11-27,South,1.6
CUST1392,Vikram,unknown,301.97,2023-04-07,East,4.4
CUST1393,Neha,30.0,774.72,2023-05-29,East,
CUST1394,Vikram,57.0,676.92,2023-09-13,North,3.0
CUST1395,Vikram,55.0,429.62,2022-12-12,South,1.7
CUST1396,Vikram,unknown,243.03,2025-07-02,East,4.4
CUST1397,Amit,20.0,703.08,2025-02-28,North,1.2
CUST1398,Rahul,54.0,482.82,2025-08-06,South,4.1
CUST1399,Neha,57.0,685.67,2024-05-03,North,3.0
CUST1400,Rahul,52.0,260.84,2025-07-08,East,2.9
CUST1401,Sneha,37.0,410.09,2024-04-11,North,3.8
CUST1402,Sneha,46.0,29233,2022-11-20,West,2.9
CUST1403,Priya,56.0,507.05,2023-11-28,East,4.4
CUST1404,Rahul,64.0,432.49,2023-10-16,West,1.5
CUST1405,Vikram,,593.43,2024-01-29,North,2.3
CUST1406,Rahul,25.0,339.86,2024-08-13,West,2.0
CUST1407,Rahul,21.0,478.64,2022-07-18,West,4.5
CUST1408,Priya,33.0,518.04,2024-05-06,East,4.7
CUST1409,Priya,30.0,577.17,2023-10-03,West,5.0
CUST1410,Rahul,49.0,606.74,2024-08-14,West,1.1
CUST1411,Sneha,50.0,,2024-03-16,South,1.9
CUST1412,Amit,21.0,269.88,2023-12-24,,3.0
CUST1413,Sneha,61.0,691.65,2025-09-01,,3.1
CUST1414,Priya,45.0,549.85,2022-08-09,East,3.9
CUST1415,Amit,41.0,387.73,2024-04-05,,1.2
CUST1416,Rahul,30.0,732.67,2025-02-24,,1.3
CUST1417,Vikram,46.0,517.35,2024-10-29,East,4.3
CUST1418,Vikram,61.0,676.89,2025-06-30,North,1.5
CUST1419,Rahul,43.0,510.13,2022-07-18,East,3.2
CUST1420,Priya,27.0,809.11,2024-01-19,West,3.0
CUST1421,Priya,20.0,763.3,2022-04-03,East,4.2
CUST1422,Priya,47.0,error,2024-11-29,South,2.3
CUST1423,Priya,38.0,645.74,2025-06-09,West,5.0
CUST1424,Rahul,55.0,596.81,2023-09-05,West,3.8
CUST1425,Amit,,705.29,2023-09-06,East,2.3
CUST1426,Vikram,44.0,355.26,2022-08-13,East,4.2
CUST1427,Vikram,19.0,602.91,2025-07-12,West,2.1
CUST1428,Vikram,55.0,658.76,2025-09-04,South,
CUST1429,Priya,48.0,236.19,2025-04-10,West,1.6
CUST1430,Amit,33.0,322.51,2025-10-26,North,1.8
CUST1431,Sneha,,194.12,2024-06-22,South,2.7
CUST1432,Vikram,44.0,459.59,2023-02-22,West,4.5
CUST1433,Priya,63.0,607.63,2022-05-08,South,3.2
CUST1434,Vikram,48.0,725.35,2025-09-18,West,2.3
CUST1435,Vikram,47.0,511.11,2022-12-21,East,3.2
CUST1436,Neha,64.0,744.29,2025-10-16,East,
CUST1437,Rahul,33.0,292.98,2023-01-29,East,1.9
CUST1438,Neha,36.0,244.49,2023-09-02,South,3.8
CUST1439,Sneha,38.0,491.67,2024-09-28,East,3.2
CUST1440,Amit,36.0,557.61,2023-07-15,West,4.6
CUST1441,Priya,40.0,495.1,2024-03-19,East,1.2
CUST1442,Sneha,40.0,189.88,2022-06-11,East,4.0
CUST1443,Vikram,30.0,,2023-03-15,East,4.7
CUST1444,Amit,26.0,304.33,2023-07-11,South,2.0
CUST1445,Priya,51.0,600.45,2025-10-03,South,1.2
CUST1446,Neha,39.0,554.99,2024-04-26,West,1.4
CUST1447,Vikram,18.0,359.02,2022-10-09,South,2.6
CUST1448,Neha,48.0,422.92,2024-09-01,South,4.0
CUST1449,Rahul,38.0,341.12,2023-08-12,North,4.6
CUST1450,Vikram,59.0,490.6,2022-07-03,South,3.1
CUST1451,Sneha,29.0,643.27,2022-03-18,South,4.7
CUST1452,Sneha,43.0,352.14,2022-03-16,South,4.7
CUST1453,Amit,20.0,575.61,2023-08-16,East,3.3
CUST1454,Rahul,39.0,420.46,2022-08-08,West,
CUST1455,Sneha,51.0,381.07,2025-01-17,South,4.4
CUST1456,Priya,35.0,483.95,2024-08-16,North,2.3
CUST1457,Rahul,59.0,344.71,2024-07-28,South,1.1
CUST1458,Vikram,36.0,416.95,2023-11-22,South,1.7
CUST1459,Sneha,43.0,320.32,2025-08-01,East,1.3
CUST1460,Priya,24.0,794.71,2025-10-02,South,2.9
CUST1461,Rahul,18.0,505.29,2023-05-24,West,1.9
CUST1462,Rahul,39.0,395.04,2023-07-01,North,2.0
CUST1463,Priya,unknown,532.1,2024-01-07,,3.7
CUST1464,Priya,37.0,,2024-08-11,West,3.7
CUST1465,Amit,62.0,466.85,2023-09-29,East,
CUST1466,Priya,32.0,26346,2023-03-29,West,1.6
CUST1467,Sneha,41.0,613.63,2025-05-25,West,4.0
CUST1468,Priya,31.0,420.42,2025-09-22,North,3.1
CUST1469,Rahul,63.0,413.63,2024-12-17,North,4.7
CUST1470,Vikram,21.0,458.74,2022-08-18,South,3.3
CUST1471,Rahul,28.0,154.71,2022-11-03,West,1.5
CUST1472,Vikram,63.0,272.72,2023-02-25,West,1.4
CUST1473,Amit,46.0,705.03,2024-11-11,West,1.5
CUST1474,Vikram,47.0,746.75,2024-04-30,North,3.2
CUST1475,Neha,37.0,error,2025-10-09,North,2.6
CUST1476,Priya,65.0,586.48,2022-01-07,North,1.2
CUST1477,Amit,62.0,546.69,2023-12-07,North,4.7
CUST1478,Amit,48.0,961.83,2022-05-22,East,2.6
CUST1479,Neha,59.0,667.94,2022-10-05,West,2.5
CUST1480,Sneha,46.0,480.81,2024-02-23,West,1.3
CUST1481,Priya,52.0,356.67,2025-09-17,East,1.5
CUST1482,Vikram,43.0,259.03,2025-01-05,South,3.9
CUST1483,Amit,18.0,530.52,2023-04-02,East,2.9
CUST1484,Vikram,45.0,386.55,2025-01-20,West,4.3
CUST1485,Rahul,47.0,26194,2023-05-22,South,2.1
CUST1486,Neha,20.0,403.01,2022-08-20,West,
CUST1487,Priya,33.0,337.77,2022-02-02,North,1.4
CUST1488,Vikram,46.0,753.07,2022-03-10,North,2.0
CUST1489,Sneha,43.0,632.25,2022-04-01,South,3.2
CUST1452,Sneha,43.0,352.14,2022-03-16,South,4.7
CUST1084,Amit,39.0,378.73,2025-01-03,North,4.5
CUST1434,Vikram,48.0,725.35,2025-09-18,West,2.3
CUST1473,Amit,46.0,705.03,2024-11-11,West,1.5
CUST1428,Vikram,55.0,658.76,2025-09-04,South,
CUST1312,Vikram,46.0,623.81,2024-06-15,South,2.5
CUST1030,Vikram,52.0,409.74,2022-11-27,North,3.4
CUST1220,Neha,19.0,847.2,2023-08-28,West,2.1
CUST1483,Amit,18.0,530.52,2023-04-02,East,2.9
CUST1231,Rahul,18.0,532.47,2024-03-19,North,2.8
